<?xml version="1.0" ?>
<LOG_ROOT>
	<PROJECT NAME="top_vending">
		<CBX_INST_ENTRY INSTANCE_NAME="|top_vending|lpm_divide:Mod0" CBX_FILE_NAME="lpm_divide_98m.tdf"/>
		<CBX_INST_ENTRY INSTANCE_NAME="|top_vending|saldo_handler:saldo_sel|lpm_divide:Mod0" CBX_FILE_NAME="lpm_divide_h8m.tdf"/>
		<CBX_INST_ENTRY INSTANCE_NAME="|top_vending|lpm_divide:Div0" CBX_FILE_NAME="lpm_divide_6gm.tdf"/>
		<CBX_INST_ENTRY INSTANCE_NAME="|top_vending|lpm_divide:Mod1" CBX_FILE_NAME="lpm_divide_98m.tdf"/>
		<CBX_INST_ENTRY INSTANCE_NAME="|top_vending|saldo_handler:saldo_sel|lpm_divide:Div0" CBX_FILE_NAME="lpm_divide_agm.tdf"/>
		<CBX_INST_ENTRY INSTANCE_NAME="|top_vending|saldo_handler:saldo_sel|lpm_divide:Mod1" CBX_FILE_NAME="lpm_divide_h8m.tdf"/>
	</PROJECT>
</LOG_ROOT>
